"xmlversion","qaversion","bnf_version","object_id","app_version","timestamp","policy_name","state","user_agent_os","user_agent_browser","user_agent_version","user_agent_language","user_type","type","user_id","url"
"031114","Nov2014v1","kevinV1","577f29a2e1382363b465598b","0.1.1","1467951522.711698","","","linux","firefox","38.0","","logged out","http","","http://0.0.0.0:5000/login?next=%2Fpolicy%2FNIST+Policy%2FPage+1.1+title"
"031114","Nov2014v1","kevinV1","577f29a6e1382363b465598c","0.1.1","1467951526.792583","","","linux","firefox","38.0","","logged out","http","","http://0.0.0.0:5000/login?next=%2Fpolicy%2FNIST+Policy%2FPage+1.1+title"
"031114","Nov2014v1","kevinV1","577f29aae1382363b465598d","0.1.1","1467951530.085816","","","linux","firefox","38.0","","logged out","http","","http://0.0.0.0:5000/signup"
"031114","Nov2014v1","kevinV1","577f29aee1382363b465598f","0.1.1","1467951534.7295","","","linux","firefox","38.0","","participant","signup","e3c0921411ef75027dd552786c9424e9ae2122029cf9c8a20dbb7058670b8055000747eb084f6738a67e70fc32748275bdc23ea009666f59a55b02dedd6cdea1","http://0.0.0.0:5000/signup"
"031114","Nov2014v1","kevinV1","577f29aee1382363b4655990","0.1.1","1467951534.768062","","","linux","firefox","38.0","","participant","http","e3c0921411ef75027dd552786c9424e9ae2122029cf9c8a20dbb7058670b8055000747eb084f6738a67e70fc32748275bdc23ea009666f59a55b02dedd6cdea1","http://0.0.0.0:5000/"
"031114","Nov2014v1","kevinV1","577f29b0e1382363b4655991","0.1.1","1467951536.950137","","","linux","firefox","38.0","","participant","http","e3c0921411ef75027dd552786c9424e9ae2122029cf9c8a20dbb7058670b8055000747eb084f6738a67e70fc32748275bdc23ea009666f59a55b02dedd6cdea1","http://0.0.0.0:5000/demosurvey"
"031114","Nov2014v1","kevinV1","577f29b2e1382363b4655993","0.1.1","1467951538.944026","demosurvey","draft","linux","firefox","38.0","","participant","demosurvey response","e3c0921411ef75027dd552786c9424e9ae2122029cf9c8a20dbb7058670b8055000747eb084f6738a67e70fc32748275bdc23ea009666f59a55b02dedd6cdea1","http://0.0.0.0:5000/api/demosurvey","question:d.1","response:d.1.A"
"031114","Nov2014v1","kevinV1","577f29b3e1382363b4655994","0.1.1","1467951539.507665","demosurvey","draft","linux","firefox","38.0","","participant","demosurvey response","e3c0921411ef75027dd552786c9424e9ae2122029cf9c8a20dbb7058670b8055000747eb084f6738a67e70fc32748275bdc23ea009666f59a55b02dedd6cdea1","http://0.0.0.0:5000/api/demosurvey","question:d.2","response:d.2.C"
"031114","Nov2014v1","kevinV1","577f29b6e1382363b4655995","0.1.1","1467951542.944029","demosurvey","draft","linux","firefox","38.0","","participant","demosurvey response","e3c0921411ef75027dd552786c9424e9ae2122029cf9c8a20dbb7058670b8055000747eb084f6738a67e70fc32748275bdc23ea009666f59a55b02dedd6cdea1","http://0.0.0.0:5000/api/demosurvey","question:d.3","response:d.3.C"
"031114","Nov2014v1","kevinV1","577f29bbe1382363b4655999","0.1.1","1467951547.20829","","","linux","firefox","38.0","","participant","http","e3c0921411ef75027dd552786c9424e9ae2122029cf9c8a20dbb7058670b8055000747eb084f6738a67e70fc32748275bdc23ea009666f59a55b02dedd6cdea1","http://0.0.0.0:5000/policies"
"031114","Nov2014v1","kevinV1","577f29bee1382363b465599a","0.1.1","1467951550.504973","","","linux","firefox","38.0","","participant","http","e3c0921411ef75027dd552786c9424e9ae2122029cf9c8a20dbb7058670b8055000747eb084f6738a67e70fc32748275bdc23ea009666f59a55b02dedd6cdea1","http://0.0.0.0:5000/policy/MHPCC Policy"
"031114","Nov2014v1","kevinV1","577f29bfe1382363b465599b","0.1.1","1467951551.330017","MHPCC Policy","new","linux","firefox","38.0","","participant","http","e3c0921411ef75027dd552786c9424e9ae2122029cf9c8a20dbb7058670b8055000747eb084f6738a67e70fc32748275bdc23ea009666f59a55b02dedd6cdea1","http://0.0.0.0:5000/policy/MHPCC Policy/Page 1.1 title"
"031114","Nov2014v1","kevinV1","577f29c5e1382363b465599c","0.1.1","1467951557.05248","","","linux","firefox","38.0","","participant","http","e3c0921411ef75027dd552786c9424e9ae2122029cf9c8a20dbb7058670b8055000747eb084f6738a67e70fc32748275bdc23ea009666f59a55b02dedd6cdea1","http://0.0.0.0:5000/policy/MHPCC Policy/group 2"
"031114","Nov2014v1","kevinV1","577f29c5e1382363b465599d","0.1.1","1467951557.391022","MHPCC Policy","new","linux","firefox","38.0","","participant","http","e3c0921411ef75027dd552786c9424e9ae2122029cf9c8a20dbb7058670b8055000747eb084f6738a67e70fc32748275bdc23ea009666f59a55b02dedd6cdea1","http://0.0.0.0:5000/policy/MHPCC Policy/page 2.1 title"
"031114","Nov2014v1","kevinV1","577f29c7e1382363b465599e","0.1.1","1467951559.751631","","","linux","firefox","38.0","","participant","http","e3c0921411ef75027dd552786c9424e9ae2122029cf9c8a20dbb7058670b8055000747eb084f6738a67e70fc32748275bdc23ea009666f59a55b02dedd6cdea1","http://0.0.0.0:5000/policy/MHPCC Policy/group 3"
"031114","Nov2014v1","kevinV1","577f29c8e1382363b465599f","0.1.1","1467951560.022812","MHPCC Policy","new","linux","firefox","38.0","","participant","http","e3c0921411ef75027dd552786c9424e9ae2122029cf9c8a20dbb7058670b8055000747eb084f6738a67e70fc32748275bdc23ea009666f59a55b02dedd6cdea1","http://0.0.0.0:5000/policy/MHPCC Policy/page 3.1.1.1"
"031114","Nov2014v1","kevinV1","577f29cde1382363b46559a0","0.1.1","1467951565.615452","","","linux","firefox","38.0","","participant","http","e3c0921411ef75027dd552786c9424e9ae2122029cf9c8a20dbb7058670b8055000747eb084f6738a67e70fc32748275bdc23ea009666f59a55b02dedd6cdea1","http://0.0.0.0:5000/policy/MHPCC Policy/Round 2 tests"
"031114","Nov2014v1","kevinV1","577f29cde1382363b46559a1","0.1.1","1467951565.881376","MHPCC Policy","new","linux","firefox","38.0","","participant","http","e3c0921411ef75027dd552786c9424e9ae2122029cf9c8a20dbb7058670b8055000747eb084f6738a67e70fc32748275bdc23ea009666f59a55b02dedd6cdea1","http://0.0.0.0:5000/policy/MHPCC Policy/Group title redundancy lvl 2"
"031114","Nov2014v1","kevinV1","577f2a2de1382363b46559a2","0.1.1","1467951661.108689","","","linux","firefox","38.0","","participant","http","e3c0921411ef75027dd552786c9424e9ae2122029cf9c8a20dbb7058670b8055000747eb084f6738a67e70fc32748275bdc23ea009666f59a55b02dedd6cdea1","http://0.0.0.0:5000/policy/MHPCC Policy/Group 1"
"031114","Nov2014v1","kevinV1","577f2a2de1382363b46559a3","0.1.1","1467951661.379968","MHPCC Policy","new","linux","firefox","38.0","","participant","http","e3c0921411ef75027dd552786c9424e9ae2122029cf9c8a20dbb7058670b8055000747eb084f6738a67e70fc32748275bdc23ea009666f59a55b02dedd6cdea1","http://0.0.0.0:5000/policy/MHPCC Policy/Page 1.1 title"
"031114","Nov2014v1","kevinV1","577f2a3fe1382363b46559a4","0.1.1","1467951679.66982","MHPCC Policy","draft","linux","firefox","38.0","","participant","response","e3c0921411ef75027dd552786c9424e9ae2122029cf9c8a20dbb7058670b8055000747eb084f6738a67e70fc32748275bdc23ea009666f59a55b02dedd6cdea1","http://0.0.0.0:5000/api/questionnaire","question:q.1.5>q.1.5.a","response:-1"
"031114","Nov2014v1","kevinV1","577f2a40e1382363b46559a5","0.1.1","1467951680.868131","MHPCC Policy","draft","linux","firefox","38.0","","participant","response","e3c0921411ef75027dd552786c9424e9ae2122029cf9c8a20dbb7058670b8055000747eb084f6738a67e70fc32748275bdc23ea009666f59a55b02dedd6cdea1","http://0.0.0.0:5000/api/questionnaire","question:q.1.5>q.1.5.a","response:-1"
"031114","Nov2014v1","kevinV1","577f2a44e1382363b46559a6","0.1.1","1467951684.031009","MHPCC Policy","draft","linux","firefox","38.0","","participant","response","e3c0921411ef75027dd552786c9424e9ae2122029cf9c8a20dbb7058670b8055000747eb084f6738a67e70fc32748275bdc23ea009666f59a55b02dedd6cdea1","http://0.0.0.0:5000/api/questionnaire","question:q.1.5>q.1.5.a","response:-2"
"031114","Nov2014v1","kevinV1","577f2a45e1382363b46559a7","0.1.1","1467951685.045748","MHPCC Policy","draft","linux","firefox","38.0","","participant","response","e3c0921411ef75027dd552786c9424e9ae2122029cf9c8a20dbb7058670b8055000747eb084f6738a67e70fc32748275bdc23ea009666f59a55b02dedd6cdea1","http://0.0.0.0:5000/api/questionnaire","question:q.1.5>q.1.5.a","response:-2"
"031114","Nov2014v1","kevinV1","577f2a55e1382363b46559a8","0.1.1","1467951701.987668","MHPCC Policy","draft","linux","firefox","38.0","","participant","response","e3c0921411ef75027dd552786c9424e9ae2122029cf9c8a20dbb7058670b8055000747eb084f6738a67e70fc32748275bdc23ea009666f59a55b02dedd6cdea1","http://0.0.0.0:5000/api/questionnaire","question:q.1.5>q.1.5.a","response:4"
"031114","Nov2014v1","kevinV1","577f2a57e1382363b46559a9","0.1.1","1467951703.507326","MHPCC Policy","draft","linux","firefox","38.0","","participant","response","e3c0921411ef75027dd552786c9424e9ae2122029cf9c8a20dbb7058670b8055000747eb084f6738a67e70fc32748275bdc23ea009666f59a55b02dedd6cdea1","http://0.0.0.0:5000/api/questionnaire","question:q.1.5>q.1.5.a","response:4"
"031114","Nov2014v1","kevinV1","577f2a6ae1382363b46559aa","0.1.1","1467951722.025619","MHPCC Policy","draft","linux","firefox","38.0","","participant","response","e3c0921411ef75027dd552786c9424e9ae2122029cf9c8a20dbb7058670b8055000747eb084f6738a67e70fc32748275bdc23ea009666f59a55b02dedd6cdea1","http://0.0.0.0:5000/api/questionnaire","question:q.1.5>q.1.5.b","response:derps"
"031114","Nov2014v1","kevinV1","577f2a6be1382363b46559ab","0.1.1","1467951723.252278","MHPCC Policy","draft","linux","firefox","38.0","","participant","response","e3c0921411ef75027dd552786c9424e9ae2122029cf9c8a20dbb7058670b8055000747eb084f6738a67e70fc32748275bdc23ea009666f59a55b02dedd6cdea1","http://0.0.0.0:5000/api/questionnaire","question:q.1.5>q.1.5.b","response:derps"
"031114","Nov2014v1","kevinV1","577f2a74e1382363b46559ac","0.1.1","1467951732.197045","MHPCC Policy","draft","linux","firefox","38.0","","participant","response","e3c0921411ef75027dd552786c9424e9ae2122029cf9c8a20dbb7058670b8055000747eb084f6738a67e70fc32748275bdc23ea009666f59a55b02dedd6cdea1","http://0.0.0.0:5000/api/questionnaire","question:q.1.5>q.1.5.d","response:option 1"
"031114","Nov2014v1","kevinV1","577f2a75e1382363b46559ad","0.1.1","1467951733.313649","MHPCC Policy","draft","linux","firefox","38.0","","participant","response","e3c0921411ef75027dd552786c9424e9ae2122029cf9c8a20dbb7058670b8055000747eb084f6738a67e70fc32748275bdc23ea009666f59a55b02dedd6cdea1","http://0.0.0.0:5000/api/questionnaire","question:q.1.5>q.1.5.d","response:option 1"
"031114","Nov2014v1","kevinV1","577f2aafe1382363b46559ae","0.1.1","1467951791.784658","MHPCC Policy","draft","linux","firefox","38.0","","participant","response","e3c0921411ef75027dd552786c9424e9ae2122029cf9c8a20dbb7058670b8055000747eb084f6738a67e70fc32748275bdc23ea009666f59a55b02dedd6cdea1","http://0.0.0.0:5000/api/questionnaire","question:q.1.6","response:q.1.6.B"
"031114","Nov2014v1","kevinV1","577f2ab0e1382363b46559af","0.1.1","1467951792.344645","MHPCC Policy","draft","linux","firefox","38.0","","participant","http","e3c0921411ef75027dd552786c9424e9ae2122029cf9c8a20dbb7058670b8055000747eb084f6738a67e70fc32748275bdc23ea009666f59a55b02dedd6cdea1","http://0.0.0.0:5000/policy/MHPCC Policy/Page 1.1 title"
"031114","Nov2014v1","kevinV1","577f2b4ce1382363b46559b0","0.1.1","1467951948.716254","MHPCC Policy","draft","linux","firefox","38.0","","participant","response","e3c0921411ef75027dd552786c9424e9ae2122029cf9c8a20dbb7058670b8055000747eb084f6738a67e70fc32748275bdc23ea009666f59a55b02dedd6cdea1","http://0.0.0.0:5000/api/questionnaire","question:q.1.5clone1>q.1.5.aclone1","response:-1"
"031114","Nov2014v1","kevinV1","577f2b4ee1382363b46559b1","0.1.1","1467951950.95309","MHPCC Policy","draft","linux","firefox","38.0","","participant","response","e3c0921411ef75027dd552786c9424e9ae2122029cf9c8a20dbb7058670b8055000747eb084f6738a67e70fc32748275bdc23ea009666f59a55b02dedd6cdea1","http://0.0.0.0:5000/api/questionnaire","question:q.1.5clone1>q.1.5.aclone1","response:-1"
"031114","Nov2014v1","kevinV1","577f2bb6e1382363b46559b2","0.1.1","1467952054.798507","MHPCC Policy","draft","linux","firefox","38.0","","participant","response","e3c0921411ef75027dd552786c9424e9ae2122029cf9c8a20dbb7058670b8055000747eb084f6738a67e70fc32748275bdc23ea009666f59a55b02dedd6cdea1","http://0.0.0.0:5000/api/questionnaire","question:q.1.5clone1>q.1.5.dclone1","response:option2"
"031114","Nov2014v1","kevinV1","577f2bb6e1382363b46559b3","0.1.1","1467952054.869985","MHPCC Policy","draft","linux","firefox","38.0","","participant","response","e3c0921411ef75027dd552786c9424e9ae2122029cf9c8a20dbb7058670b8055000747eb084f6738a67e70fc32748275bdc23ea009666f59a55b02dedd6cdea1","http://0.0.0.0:5000/api/questionnaire","question:q.1.5clone1>q.1.5.dclone1","response:option2"
"031114","Nov2014v1","kevinV1","577f2bc0e1382363b46559b4","0.1.1","1467952064.517609","MHPCC Policy","draft","linux","firefox","38.0","","participant","response","e3c0921411ef75027dd552786c9424e9ae2122029cf9c8a20dbb7058670b8055000747eb084f6738a67e70fc32748275bdc23ea009666f59a55b02dedd6cdea1","http://0.0.0.0:5000/api/questionnaire","question:q.1.5>q.1.5.e","response:hey there"
"031114","Nov2014v1","kevinV1","577f2bc0e1382363b46559b5","0.1.1","1467952064.561282","MHPCC Policy","draft","linux","firefox","38.0","","participant","response","e3c0921411ef75027dd552786c9424e9ae2122029cf9c8a20dbb7058670b8055000747eb084f6738a67e70fc32748275bdc23ea009666f59a55b02dedd6cdea1","http://0.0.0.0:5000/api/questionnaire","question:q.1.5>q.1.5.e","response:hey there"
"031114","Nov2014v1","kevinV1","577f2bc3e1382363b46559b6","0.1.1","1467952067.729878","MHPCC Policy","draft","linux","firefox","38.0","","participant","response","e3c0921411ef75027dd552786c9424e9ae2122029cf9c8a20dbb7058670b8055000747eb084f6738a67e70fc32748275bdc23ea009666f59a55b02dedd6cdea1","http://0.0.0.0:5000/api/questionnaire","question:q.1.5clone1>q.1.5.bclone1","response:#nope"
"031114","Nov2014v1","kevinV1","577f2bc3e1382363b46559b7","0.1.1","1467952067.772144","MHPCC Policy","draft","linux","firefox","38.0","","participant","response","e3c0921411ef75027dd552786c9424e9ae2122029cf9c8a20dbb7058670b8055000747eb084f6738a67e70fc32748275bdc23ea009666f59a55b02dedd6cdea1","http://0.0.0.0:5000/api/questionnaire","question:q.1.5clone1>q.1.5.bclone1","response:#nope"
"031114","Nov2014v1","kevinV1","577f2bc8e1382363b46559b8","0.1.1","1467952072.609378","MHPCC Policy","draft","linux","firefox","38.0","","participant","response","e3c0921411ef75027dd552786c9424e9ae2122029cf9c8a20dbb7058670b8055000747eb084f6738a67e70fc32748275bdc23ea009666f59a55b02dedd6cdea1","http://0.0.0.0:5000/api/questionnaire","question:q.1.5clone1>q.1.5.eclone1","response:yesss"
"031114","Nov2014v1","kevinV1","577f2bc8e1382363b46559b9","0.1.1","1467952072.665388","MHPCC Policy","draft","linux","firefox","38.0","","participant","response","e3c0921411ef75027dd552786c9424e9ae2122029cf9c8a20dbb7058670b8055000747eb084f6738a67e70fc32748275bdc23ea009666f59a55b02dedd6cdea1","http://0.0.0.0:5000/api/questionnaire","question:q.1.5clone1>q.1.5.eclone1","response:yesss"
"031114","Nov2014v1","kevinV1","57814ebfe1382363b46559fc","0.1.1","1468092095.117166","","","linux","firefox","38.0","","participant","http","e3c0921411ef75027dd552786c9424e9ae2122029cf9c8a20dbb7058670b8055000747eb084f6738a67e70fc32748275bdc23ea009666f59a55b02dedd6cdea1","http://0.0.0.0:5000/"
"031114","Nov2014v1","kevinV1","577f2bc8e1382363b46559ba","0.1.1","1467952072.822653","MHPCC Policy","draft","linux","firefox","38.0","","participant","response","e3c0921411ef75027dd552786c9424e9ae2122029cf9c8a20dbb7058670b8055000747eb084f6738a67e70fc32748275bdc23ea009666f59a55b02dedd6cdea1","http://0.0.0.0:5000/api/questionnaire","question:q.1.6clone1","response:q.1.6.Bclone1"
"031114","Nov2014v1","kevinV1","577f2bc9e1382363b46559bb","0.1.1","1467952073.242476","MHPCC Policy","draft","linux","firefox","38.0","","participant","http","e3c0921411ef75027dd552786c9424e9ae2122029cf9c8a20dbb7058670b8055000747eb084f6738a67e70fc32748275bdc23ea009666f59a55b02dedd6cdea1","http://0.0.0.0:5000/policy/MHPCC Policy/Page 1.1 title"
"031114","Nov2014v1","kevinV1","577f2c6ce1382363b46559bc","0.1.1","1467952236.717547","MHPCC Policy","draft","linux","firefox","38.0","","participant","response","e3c0921411ef75027dd552786c9424e9ae2122029cf9c8a20dbb7058670b8055000747eb084f6738a67e70fc32748275bdc23ea009666f59a55b02dedd6cdea1","http://0.0.0.0:5000/api/questionnaire","question:q.1.5>q.1.5.a","response:5"
"031114","Nov2014v1","kevinV1","577f2c6ce1382363b46559bd","0.1.1","1467952236.780812","MHPCC Policy","draft","linux","firefox","38.0","","participant","response","e3c0921411ef75027dd552786c9424e9ae2122029cf9c8a20dbb7058670b8055000747eb084f6738a67e70fc32748275bdc23ea009666f59a55b02dedd6cdea1","http://0.0.0.0:5000/api/questionnaire","question:q.1.5>q.1.5.a","response:5"
"031114","Nov2014v1","kevinV1","577f2c79e1382363b46559be","0.1.1","1467952249.771699","MHPCC Policy","draft","linux","firefox","38.0","","participant","response","e3c0921411ef75027dd552786c9424e9ae2122029cf9c8a20dbb7058670b8055000747eb084f6738a67e70fc32748275bdc23ea009666f59a55b02dedd6cdea1","http://0.0.0.0:5000/api/questionnaire","question:q.1.5clone1>q.1.5.aclone1","response:-2"
"031114","Nov2014v1","kevinV1","577f2c79e1382363b46559bf","0.1.1","1467952249.835369","MHPCC Policy","draft","linux","firefox","38.0","","participant","response","e3c0921411ef75027dd552786c9424e9ae2122029cf9c8a20dbb7058670b8055000747eb084f6738a67e70fc32748275bdc23ea009666f59a55b02dedd6cdea1","http://0.0.0.0:5000/api/questionnaire","question:q.1.5clone1>q.1.5.aclone1","response:-2"
"031114","Nov2014v1","kevinV1","577f2cf5e1382363b46559c0","0.1.1","1467952373.069507","MHPCC Policy","draft","linux","firefox","38.0","","participant","response","e3c0921411ef75027dd552786c9424e9ae2122029cf9c8a20dbb7058670b8055000747eb084f6738a67e70fc32748275bdc23ea009666f59a55b02dedd6cdea1","http://0.0.0.0:5000/api/questionnaire","question:q.1.5>q.1.5.a","response:-2"
"031114","Nov2014v1","kevinV1","577f2cf5e1382363b46559c1","0.1.1","1467952373.117305","MHPCC Policy","draft","linux","firefox","38.0","","participant","response","e3c0921411ef75027dd552786c9424e9ae2122029cf9c8a20dbb7058670b8055000747eb084f6738a67e70fc32748275bdc23ea009666f59a55b02dedd6cdea1","http://0.0.0.0:5000/api/questionnaire","question:q.1.5>q.1.5.a","response:-2"
"031114","Nov2014v1","kevinV1","577f2d00e1382363b46559c2","0.1.1","1467952384.352621","MHPCC Policy","draft","linux","firefox","38.0","","participant","response","e3c0921411ef75027dd552786c9424e9ae2122029cf9c8a20dbb7058670b8055000747eb084f6738a67e70fc32748275bdc23ea009666f59a55b02dedd6cdea1","http://0.0.0.0:5000/api/questionnaire","question:q.1.5>q.1.5.d","response:option 3"
"031114","Nov2014v1","kevinV1","577f2d00e1382363b46559c3","0.1.1","1467952384.417993","MHPCC Policy","draft","linux","firefox","38.0","","participant","response","e3c0921411ef75027dd552786c9424e9ae2122029cf9c8a20dbb7058670b8055000747eb084f6738a67e70fc32748275bdc23ea009666f59a55b02dedd6cdea1","http://0.0.0.0:5000/api/questionnaire","question:q.1.5>q.1.5.d","response:option 3"
"031114","Nov2014v1","kevinV1","577f2d01e1382363b46559c4","0.1.1","1467952385.675678","MHPCC Policy","draft","linux","firefox","38.0","","participant","response","e3c0921411ef75027dd552786c9424e9ae2122029cf9c8a20dbb7058670b8055000747eb084f6738a67e70fc32748275bdc23ea009666f59a55b02dedd6cdea1","http://0.0.0.0:5000/api/questionnaire","question:q.1.5>q.1.5.d","response:option2"
"031114","Nov2014v1","kevinV1","577f2d01e1382363b46559c5","0.1.1","1467952385.719118","MHPCC Policy","draft","linux","firefox","38.0","","participant","response","e3c0921411ef75027dd552786c9424e9ae2122029cf9c8a20dbb7058670b8055000747eb084f6738a67e70fc32748275bdc23ea009666f59a55b02dedd6cdea1","http://0.0.0.0:5000/api/questionnaire","question:q.1.5>q.1.5.d","response:option2"
"031114","Nov2014v1","kevinV1","577f2d04e1382363b46559c6","0.1.1","1467952388.062334","MHPCC Policy","draft","linux","firefox","38.0","","participant","response","e3c0921411ef75027dd552786c9424e9ae2122029cf9c8a20dbb7058670b8055000747eb084f6738a67e70fc32748275bdc23ea009666f59a55b02dedd6cdea1","http://0.0.0.0:5000/api/questionnaire","question:q.1.5>q.1.5.c","response:option2"
"031114","Nov2014v1","kevinV1","577f2d04e1382363b46559c7","0.1.1","1467952388.070323","MHPCC Policy","draft","linux","firefox","38.0","","participant","bnf","e3c0921411ef75027dd552786c9424e9ae2122029cf9c8a20dbb7058670b8055000747eb084f6738a67e70fc32748275bdc23ea009666f59a55b02dedd6cdea1","http://0.0.0.0:5000/api/questionnaire","new:BNF for option q.1.5; insert cloze: A(numeral): -2; B(text): derps; C(select_one):option2; D(select_multi):option 1,option2,option 3 E(memo):hey there","old:"
"031114","Nov2014v1","kevinV1","577f2d04e1382363b46559c8","0.1.1","1467952388.11715","MHPCC Policy","draft","linux","firefox","38.0","","participant","response","e3c0921411ef75027dd552786c9424e9ae2122029cf9c8a20dbb7058670b8055000747eb084f6738a67e70fc32748275bdc23ea009666f59a55b02dedd6cdea1","http://0.0.0.0:5000/api/questionnaire","question:q.1.5>q.1.5.c","response:option2"
"031114","Nov2014v1","kevinV1","577f2d05e1382363b46559c9","0.1.1","1467952389.958227","MHPCC Policy","draft","linux","firefox","38.0","","participant","response","e3c0921411ef75027dd552786c9424e9ae2122029cf9c8a20dbb7058670b8055000747eb084f6738a67e70fc32748275bdc23ea009666f59a55b02dedd6cdea1","http://0.0.0.0:5000/api/questionnaire","question:q.1.5>q.1.5.c","response:option 3"
"031114","Nov2014v1","kevinV1","577f2d05e1382363b46559ca","0.1.1","1467952389.963562","MHPCC Policy","draft","linux","firefox","38.0","","participant","bnf","e3c0921411ef75027dd552786c9424e9ae2122029cf9c8a20dbb7058670b8055000747eb084f6738a67e70fc32748275bdc23ea009666f59a55b02dedd6cdea1","http://0.0.0.0:5000/api/questionnaire","new:BNF for option q.1.5; insert cloze: A(numeral): -2; B(text): derps; C(select_one):option 3; D(select_multi):option 1,option2,option 3 E(memo):hey there","old:BNF for option q.1.5; insert cloze: A(numeral): -2; B(text): derps; C(select_one):option2; D(select_multi):option 1,option2,option 3 E(memo):hey there"
"031114","Nov2014v1","kevinV1","577f2d06e1382363b46559cb","0.1.1","1467952390.004217","MHPCC Policy","draft","linux","firefox","38.0","","participant","response","e3c0921411ef75027dd552786c9424e9ae2122029cf9c8a20dbb7058670b8055000747eb084f6738a67e70fc32748275bdc23ea009666f59a55b02dedd6cdea1","http://0.0.0.0:5000/api/questionnaire","question:q.1.5>q.1.5.c","response:option 3"
"031114","Nov2014v1","kevinV1","577f2d43e1382363b46559cc","0.1.1","1467952451.618783","MHPCC Policy","draft","linux","firefox","38.0","","participant","response","e3c0921411ef75027dd552786c9424e9ae2122029cf9c8a20dbb7058670b8055000747eb084f6738a67e70fc32748275bdc23ea009666f59a55b02dedd6cdea1","http://0.0.0.0:5000/api/questionnaire","question:q.1.5>q.1.5.c","response:"
"031114","Nov2014v1","kevinV1","577f2d43e1382363b46559cd","0.1.1","1467952451.622896","MHPCC Policy","draft","linux","firefox","38.0","","participant","bnf","e3c0921411ef75027dd552786c9424e9ae2122029cf9c8a20dbb7058670b8055000747eb084f6738a67e70fc32748275bdc23ea009666f59a55b02dedd6cdea1","http://0.0.0.0:5000/api/questionnaire","new:","old:BNF for option q.1.5; insert cloze: A(numeral): -2; B(text): derps; C(select_one):option 3; D(select_multi):option 1,option2,option 3 E(memo):hey there"
"031114","Nov2014v1","kevinV1","577f2d43e1382363b46559ce","0.1.1","1467952451.672723","MHPCC Policy","draft","linux","firefox","38.0","","participant","response","e3c0921411ef75027dd552786c9424e9ae2122029cf9c8a20dbb7058670b8055000747eb084f6738a67e70fc32748275bdc23ea009666f59a55b02dedd6cdea1","http://0.0.0.0:5000/api/questionnaire","question:q.1.5>q.1.5.c","response:"
"031114","Nov2014v1","kevinV1","577f2d8ce1382363b46559cf","0.1.1","1467952524.134812","MHPCC Policy","draft","linux","firefox","38.0","","participant","response","e3c0921411ef75027dd552786c9424e9ae2122029cf9c8a20dbb7058670b8055000747eb084f6738a67e70fc32748275bdc23ea009666f59a55b02dedd6cdea1","http://0.0.0.0:5000/api/questionnaire","question:q.1.5>q.1.5.a","response:"
"031114","Nov2014v1","kevinV1","577f2d8ce1382363b46559d0","0.1.1","1467952524.189402","MHPCC Policy","draft","linux","firefox","38.0","","participant","response","e3c0921411ef75027dd552786c9424e9ae2122029cf9c8a20dbb7058670b8055000747eb084f6738a67e70fc32748275bdc23ea009666f59a55b02dedd6cdea1","http://0.0.0.0:5000/api/questionnaire","question:q.1.5>q.1.5.a","response:"
"031114","Nov2014v1","kevinV1","577f2d9ce1382363b46559d1","0.1.1","1467952540.048768","MHPCC Policy","draft","linux","firefox","38.0","","participant","response","e3c0921411ef75027dd552786c9424e9ae2122029cf9c8a20dbb7058670b8055000747eb084f6738a67e70fc32748275bdc23ea009666f59a55b02dedd6cdea1","http://0.0.0.0:5000/api/questionnaire","question:q.1.6","response:q.1.6.A"
"031114","Nov2014v1","kevinV1","577f2d9ce1382363b46559d2","0.1.1","1467952540.402597","MHPCC Policy","draft","linux","firefox","38.0","","participant","http","e3c0921411ef75027dd552786c9424e9ae2122029cf9c8a20dbb7058670b8055000747eb084f6738a67e70fc32748275bdc23ea009666f59a55b02dedd6cdea1","http://0.0.0.0:5000/policy/MHPCC Policy/Page 1.1 title"
"031114","Nov2014v1","kevinV1","577f2da2e1382363b46559d3","0.1.1","1467952546.498784","MHPCC Policy","draft","linux","firefox","38.0","","participant","response","e3c0921411ef75027dd552786c9424e9ae2122029cf9c8a20dbb7058670b8055000747eb084f6738a67e70fc32748275bdc23ea009666f59a55b02dedd6cdea1","http://0.0.0.0:5000/api/questionnaire","question:q.1.6","response:q.1.6.B"
"031114","Nov2014v1","kevinV1","577f2da2e1382363b46559d4","0.1.1","1467952546.980354","MHPCC Policy","draft","linux","firefox","38.0","","participant","http","e3c0921411ef75027dd552786c9424e9ae2122029cf9c8a20dbb7058670b8055000747eb084f6738a67e70fc32748275bdc23ea009666f59a55b02dedd6cdea1","http://0.0.0.0:5000/policy/MHPCC Policy/Page 1.1 title"
"031114","Nov2014v1","kevinV1","577f2eace1382363b46559d5","0.1.1","1467952812.043584","MHPCC Policy","draft","linux","firefox","38.0","","participant","response","e3c0921411ef75027dd552786c9424e9ae2122029cf9c8a20dbb7058670b8055000747eb084f6738a67e70fc32748275bdc23ea009666f59a55b02dedd6cdea1","http://0.0.0.0:5000/api/questionnaire","question:q.1.5clone1>q.1.5.dclone1","response:option 1"
"031114","Nov2014v1","kevinV1","577f2eace1382363b46559d6","0.1.1","1467952812.101672","MHPCC Policy","draft","linux","firefox","38.0","","participant","response","e3c0921411ef75027dd552786c9424e9ae2122029cf9c8a20dbb7058670b8055000747eb084f6738a67e70fc32748275bdc23ea009666f59a55b02dedd6cdea1","http://0.0.0.0:5000/api/questionnaire","question:q.1.5clone1>q.1.5.dclone1","response:option 1"
"031114","Nov2014v1","kevinV1","577f2eade1382363b46559d7","0.1.1","1467952813.485733","MHPCC Policy","draft","linux","firefox","38.0","","participant","response","e3c0921411ef75027dd552786c9424e9ae2122029cf9c8a20dbb7058670b8055000747eb084f6738a67e70fc32748275bdc23ea009666f59a55b02dedd6cdea1","http://0.0.0.0:5000/api/questionnaire","question:q.1.5clone1>q.1.5.aclone1","response:1"
"031114","Nov2014v1","kevinV1","577f2eade1382363b46559d8","0.1.1","1467952813.545599","MHPCC Policy","draft","linux","firefox","38.0","","participant","response","e3c0921411ef75027dd552786c9424e9ae2122029cf9c8a20dbb7058670b8055000747eb084f6738a67e70fc32748275bdc23ea009666f59a55b02dedd6cdea1","http://0.0.0.0:5000/api/questionnaire","question:q.1.5clone1>q.1.5.aclone1","response:1"
"031114","Nov2014v1","kevinV1","577f2eade1382363b46559d9","0.1.1","1467952813.809148","MHPCC Policy","draft","linux","firefox","38.0","","participant","response","e3c0921411ef75027dd552786c9424e9ae2122029cf9c8a20dbb7058670b8055000747eb084f6738a67e70fc32748275bdc23ea009666f59a55b02dedd6cdea1","http://0.0.0.0:5000/api/questionnaire","question:q.1.5clone1>q.1.5.aclone1","response:2"
"031114","Nov2014v1","kevinV1","577f2eade1382363b46559da","0.1.1","1467952813.881516","MHPCC Policy","draft","linux","firefox","38.0","","participant","response","e3c0921411ef75027dd552786c9424e9ae2122029cf9c8a20dbb7058670b8055000747eb084f6738a67e70fc32748275bdc23ea009666f59a55b02dedd6cdea1","http://0.0.0.0:5000/api/questionnaire","question:q.1.5clone1>q.1.5.aclone1","response:2"
"031114","Nov2014v1","kevinV1","577f2eaee1382363b46559db","0.1.1","1467952814.082994","MHPCC Policy","draft","linux","firefox","38.0","","participant","response","e3c0921411ef75027dd552786c9424e9ae2122029cf9c8a20dbb7058670b8055000747eb084f6738a67e70fc32748275bdc23ea009666f59a55b02dedd6cdea1","http://0.0.0.0:5000/api/questionnaire","question:q.1.5clone1>q.1.5.aclone1","response:3"
"031114","Nov2014v1","kevinV1","577f2eaee1382363b46559dc","0.1.1","1467952814.155828","MHPCC Policy","draft","linux","firefox","38.0","","participant","response","e3c0921411ef75027dd552786c9424e9ae2122029cf9c8a20dbb7058670b8055000747eb084f6738a67e70fc32748275bdc23ea009666f59a55b02dedd6cdea1","http://0.0.0.0:5000/api/questionnaire","question:q.1.5clone1>q.1.5.aclone1","response:3"
"031114","Nov2014v1","kevinV1","577f2eaee1382363b46559dd","0.1.1","1467952814.399039","MHPCC Policy","draft","linux","firefox","38.0","","participant","response","e3c0921411ef75027dd552786c9424e9ae2122029cf9c8a20dbb7058670b8055000747eb084f6738a67e70fc32748275bdc23ea009666f59a55b02dedd6cdea1","http://0.0.0.0:5000/api/questionnaire","question:q.1.5clone1>q.1.5.aclone1","response:2"
"031114","Nov2014v1","kevinV1","577f2eaee1382363b46559de","0.1.1","1467952814.469195","MHPCC Policy","draft","linux","firefox","38.0","","participant","response","e3c0921411ef75027dd552786c9424e9ae2122029cf9c8a20dbb7058670b8055000747eb084f6738a67e70fc32748275bdc23ea009666f59a55b02dedd6cdea1","http://0.0.0.0:5000/api/questionnaire","question:q.1.5clone1>q.1.5.aclone1","response:2"
"031114","Nov2014v1","kevinV1","577f2eaee1382363b46559df","0.1.1","1467952814.649753","MHPCC Policy","draft","linux","firefox","38.0","","participant","response","e3c0921411ef75027dd552786c9424e9ae2122029cf9c8a20dbb7058670b8055000747eb084f6738a67e70fc32748275bdc23ea009666f59a55b02dedd6cdea1","http://0.0.0.0:5000/api/questionnaire","question:q.1.5clone1>q.1.5.aclone1","response:1"
"031114","Nov2014v1","kevinV1","577f2eaee1382363b46559e0","0.1.1","1467952814.720905","MHPCC Policy","draft","linux","firefox","38.0","","participant","response","e3c0921411ef75027dd552786c9424e9ae2122029cf9c8a20dbb7058670b8055000747eb084f6738a67e70fc32748275bdc23ea009666f59a55b02dedd6cdea1","http://0.0.0.0:5000/api/questionnaire","question:q.1.5clone1>q.1.5.aclone1","response:1"
"031114","Nov2014v1","kevinV1","577f2eaee1382363b46559e1","0.1.1","1467952814.876036","MHPCC Policy","draft","linux","firefox","38.0","","participant","response","e3c0921411ef75027dd552786c9424e9ae2122029cf9c8a20dbb7058670b8055000747eb084f6738a67e70fc32748275bdc23ea009666f59a55b02dedd6cdea1","http://0.0.0.0:5000/api/questionnaire","question:q.1.5clone1>q.1.5.aclone1","response:0"
"031114","Nov2014v1","kevinV1","577f2eaee1382363b46559e2","0.1.1","1467952814.948332","MHPCC Policy","draft","linux","firefox","38.0","","participant","response","e3c0921411ef75027dd552786c9424e9ae2122029cf9c8a20dbb7058670b8055000747eb084f6738a67e70fc32748275bdc23ea009666f59a55b02dedd6cdea1","http://0.0.0.0:5000/api/questionnaire","question:q.1.5clone1>q.1.5.aclone1","response:0"
"031114","Nov2014v1","kevinV1","577f2eafe1382363b46559e3","0.1.1","1467952815.149399","MHPCC Policy","draft","linux","firefox","38.0","","participant","response","e3c0921411ef75027dd552786c9424e9ae2122029cf9c8a20dbb7058670b8055000747eb084f6738a67e70fc32748275bdc23ea009666f59a55b02dedd6cdea1","http://0.0.0.0:5000/api/questionnaire","question:q.1.5clone1>q.1.5.aclone1","response:-1"
"031114","Nov2014v1","kevinV1","577f2eafe1382363b46559e4","0.1.1","1467952815.219541","MHPCC Policy","draft","linux","firefox","38.0","","participant","response","e3c0921411ef75027dd552786c9424e9ae2122029cf9c8a20dbb7058670b8055000747eb084f6738a67e70fc32748275bdc23ea009666f59a55b02dedd6cdea1","http://0.0.0.0:5000/api/questionnaire","question:q.1.5clone1>q.1.5.aclone1","response:-1"
"031114","Nov2014v1","kevinV1","577f2eafe1382363b46559e5","0.1.1","1467952815.377965","MHPCC Policy","draft","linux","firefox","38.0","","participant","response","e3c0921411ef75027dd552786c9424e9ae2122029cf9c8a20dbb7058670b8055000747eb084f6738a67e70fc32748275bdc23ea009666f59a55b02dedd6cdea1","http://0.0.0.0:5000/api/questionnaire","question:q.1.5clone1>q.1.5.aclone1","response:-2"
"031114","Nov2014v1","kevinV1","577f2eafe1382363b46559e6","0.1.1","1467952815.478767","MHPCC Policy","draft","linux","firefox","38.0","","participant","response","e3c0921411ef75027dd552786c9424e9ae2122029cf9c8a20dbb7058670b8055000747eb084f6738a67e70fc32748275bdc23ea009666f59a55b02dedd6cdea1","http://0.0.0.0:5000/api/questionnaire","question:q.1.5clone1>q.1.5.aclone1","response:-2"
"031114","Nov2014v1","kevinV1","577f2eafe1382363b46559e7","0.1.1","1467952815.648816","MHPCC Policy","draft","linux","firefox","38.0","","participant","response","e3c0921411ef75027dd552786c9424e9ae2122029cf9c8a20dbb7058670b8055000747eb084f6738a67e70fc32748275bdc23ea009666f59a55b02dedd6cdea1","http://0.0.0.0:5000/api/questionnaire","question:q.1.5clone1>q.1.5.aclone1","response:-3"
"031114","Nov2014v1","kevinV1","577f2eafe1382363b46559e8","0.1.1","1467952815.710178","MHPCC Policy","draft","linux","firefox","38.0","","participant","response","e3c0921411ef75027dd552786c9424e9ae2122029cf9c8a20dbb7058670b8055000747eb084f6738a67e70fc32748275bdc23ea009666f59a55b02dedd6cdea1","http://0.0.0.0:5000/api/questionnaire","question:q.1.5clone1>q.1.5.aclone1","response:-3"
"031114","Nov2014v1","kevinV1","577f2eb2e1382363b46559e9","0.1.1","1467952818.242482","MHPCC Policy","draft","linux","firefox","38.0","","participant","response","e3c0921411ef75027dd552786c9424e9ae2122029cf9c8a20dbb7058670b8055000747eb084f6738a67e70fc32748275bdc23ea009666f59a55b02dedd6cdea1","http://0.0.0.0:5000/api/questionnaire","question:q.1.5clone1>q.1.5.bclone1","response:sddfsdg"
"031114","Nov2014v1","kevinV1","577f2eb2e1382363b46559ea","0.1.1","1467952818.30529","MHPCC Policy","draft","linux","firefox","38.0","","participant","response","e3c0921411ef75027dd552786c9424e9ae2122029cf9c8a20dbb7058670b8055000747eb084f6738a67e70fc32748275bdc23ea009666f59a55b02dedd6cdea1","http://0.0.0.0:5000/api/questionnaire","question:q.1.5clone1>q.1.5.bclone1","response:sddfsdg"
"031114","Nov2014v1","kevinV1","577f2eb3e1382363b46559eb","0.1.1","1467952819.145936","MHPCC Policy","draft","linux","firefox","38.0","","participant","response","e3c0921411ef75027dd552786c9424e9ae2122029cf9c8a20dbb7058670b8055000747eb084f6738a67e70fc32748275bdc23ea009666f59a55b02dedd6cdea1","http://0.0.0.0:5000/api/questionnaire","question:q.1.5clone1>q.1.5.cclone1","response:option 3"
"031114","Nov2014v1","kevinV1","577f2eb3e1382363b46559ec","0.1.1","1467952819.224802","MHPCC Policy","draft","linux","firefox","38.0","","participant","response","e3c0921411ef75027dd552786c9424e9ae2122029cf9c8a20dbb7058670b8055000747eb084f6738a67e70fc32748275bdc23ea009666f59a55b02dedd6cdea1","http://0.0.0.0:5000/api/questionnaire","question:q.1.5clone1>q.1.5.cclone1","response:option 3"
"031114","Nov2014v1","kevinV1","577f2eb7e1382363b46559ed","0.1.1","1467952823.371089","MHPCC Policy","draft","linux","firefox","38.0","","participant","response","e3c0921411ef75027dd552786c9424e9ae2122029cf9c8a20dbb7058670b8055000747eb084f6738a67e70fc32748275bdc23ea009666f59a55b02dedd6cdea1","http://0.0.0.0:5000/api/questionnaire","question:q.1.5clone1>q.1.5.eclone1","response:asdfasef"
"031114","Nov2014v1","kevinV1","577f2eb7e1382363b46559ee","0.1.1","1467952823.442002","MHPCC Policy","draft","linux","firefox","38.0","","participant","response","e3c0921411ef75027dd552786c9424e9ae2122029cf9c8a20dbb7058670b8055000747eb084f6738a67e70fc32748275bdc23ea009666f59a55b02dedd6cdea1","http://0.0.0.0:5000/api/questionnaire","question:q.1.5clone1>q.1.5.eclone1","response:asdfasef"
"031114","Nov2014v1","kevinV1","577f2eb7e1382363b46559ef","0.1.1","1467952823.536091","MHPCC Policy","draft","linux","firefox","38.0","","participant","response","e3c0921411ef75027dd552786c9424e9ae2122029cf9c8a20dbb7058670b8055000747eb084f6738a67e70fc32748275bdc23ea009666f59a55b02dedd6cdea1","http://0.0.0.0:5000/api/questionnaire","question:q.1.6clone1","response:q.1.6.Bclone1"
"031114","Nov2014v1","kevinV1","577f2eb8e1382363b46559f0","0.1.1","1467952824.348365","MHPCC Policy","draft","linux","firefox","38.0","","participant","http","e3c0921411ef75027dd552786c9424e9ae2122029cf9c8a20dbb7058670b8055000747eb084f6738a67e70fc32748275bdc23ea009666f59a55b02dedd6cdea1","http://0.0.0.0:5000/policy/MHPCC Policy/Page 1.1 title"
"031114","Nov2014v1","kevinV1","577f2ebce1382363b46559f1","0.1.1","1467952828.95021","MHPCC Policy","draft","linux","firefox","38.0","","participant","response","e3c0921411ef75027dd552786c9424e9ae2122029cf9c8a20dbb7058670b8055000747eb084f6738a67e70fc32748275bdc23ea009666f59a55b02dedd6cdea1","http://0.0.0.0:5000/api/questionnaire","question:q.1.5clone2>q.1.5.dclone2","response:option2"
"031114","Nov2014v1","kevinV1","577f2ebde1382363b46559f2","0.1.1","1467952829.007095","MHPCC Policy","draft","linux","firefox","38.0","","participant","response","e3c0921411ef75027dd552786c9424e9ae2122029cf9c8a20dbb7058670b8055000747eb084f6738a67e70fc32748275bdc23ea009666f59a55b02dedd6cdea1","http://0.0.0.0:5000/api/questionnaire","question:q.1.5clone2>q.1.5.dclone2","response:option2"
"031114","Nov2014v1","kevinV1","577f2ec2e1382363b46559f3","0.1.1","1467952834.975119","MHPCC Policy","draft","linux","firefox","38.0","","participant","response","e3c0921411ef75027dd552786c9424e9ae2122029cf9c8a20dbb7058670b8055000747eb084f6738a67e70fc32748275bdc23ea009666f59a55b02dedd6cdea1","http://0.0.0.0:5000/api/questionnaire","question:q.1.5clone2>q.1.5.bclone2","response:heurp"
"031114","Nov2014v1","kevinV1","577f2ec3e1382363b46559f4","0.1.1","1467952835.027288","MHPCC Policy","draft","linux","firefox","38.0","","participant","response","e3c0921411ef75027dd552786c9424e9ae2122029cf9c8a20dbb7058670b8055000747eb084f6738a67e70fc32748275bdc23ea009666f59a55b02dedd6cdea1","http://0.0.0.0:5000/api/questionnaire","question:q.1.5clone2>q.1.5.bclone2","response:heurp"
"031114","Nov2014v1","kevinV1","577f2ec4e1382363b46559f5","0.1.1","1467952836.607972","MHPCC Policy","draft","linux","firefox","38.0","","participant","response","e3c0921411ef75027dd552786c9424e9ae2122029cf9c8a20dbb7058670b8055000747eb084f6738a67e70fc32748275bdc23ea009666f59a55b02dedd6cdea1","http://0.0.0.0:5000/api/questionnaire","question:q.1.5clone2>q.1.5.cclone2","response:option 1"
"031114","Nov2014v1","kevinV1","577f2ec4e1382363b46559f6","0.1.1","1467952836.646672","MHPCC Policy","draft","linux","firefox","38.0","","participant","response","e3c0921411ef75027dd552786c9424e9ae2122029cf9c8a20dbb7058670b8055000747eb084f6738a67e70fc32748275bdc23ea009666f59a55b02dedd6cdea1","http://0.0.0.0:5000/api/questionnaire","question:q.1.5clone2>q.1.5.cclone2","response:option 1"
"031114","Nov2014v1","kevinV1","577f2edde1382363b46559f7","0.1.1","1467952861.946673","MHPCC Policy","draft","linux","firefox","38.0","","participant","response","e3c0921411ef75027dd552786c9424e9ae2122029cf9c8a20dbb7058670b8055000747eb084f6738a67e70fc32748275bdc23ea009666f59a55b02dedd6cdea1","http://0.0.0.0:5000/api/questionnaire","question:q.1.6clone2","response:q.1.6.Bclone2"
"031114","Nov2014v1","kevinV1","577f2edee1382363b46559f8","0.1.1","1467952862.964394","MHPCC Policy","draft","linux","firefox","38.0","","participant","http","e3c0921411ef75027dd552786c9424e9ae2122029cf9c8a20dbb7058670b8055000747eb084f6738a67e70fc32748275bdc23ea009666f59a55b02dedd6cdea1","http://0.0.0.0:5000/policy/MHPCC Policy/Page 1.1 title"
"031114","Nov2014v1","kevinV1","57814eace1382363b46559f9","0.1.1","1468092076.754753","","","linux","firefox","38.0","","participant","http","e3c0921411ef75027dd552786c9424e9ae2122029cf9c8a20dbb7058670b8055000747eb084f6738a67e70fc32748275bdc23ea009666f59a55b02dedd6cdea1","http://0.0.0.0:5000/login?next=%2Fpolicy%2FNIST+Policy%2FPage+1.1+title"
"031114","Nov2014v1","kevinV1","57814eafe1382363b46559fa","0.1.1","1468092079.441275","","","linux","firefox","38.0","","participant","login","e3c0921411ef75027dd552786c9424e9ae2122029cf9c8a20dbb7058670b8055000747eb084f6738a67e70fc32748275bdc23ea009666f59a55b02dedd6cdea1","http://0.0.0.0:5000/login?next=%2Fpolicy%2FNIST+Policy%2FPage+1.1+title"
"031114","Nov2014v1","kevinV1","57814eafe1382363b46559fb","0.1.1","1468092079.482281","","","linux","firefox","38.0","","participant","http","e3c0921411ef75027dd552786c9424e9ae2122029cf9c8a20dbb7058670b8055000747eb084f6738a67e70fc32748275bdc23ea009666f59a55b02dedd6cdea1","http://0.0.0.0:5000/policy/NIST Policy/Page 1.1 title"
"031114","Nov2014v1","kevinV1","57814ebfe1382363b46559fd","0.1.1","1468092095.190216","","","linux","firefox","38.0","","participant","http","e3c0921411ef75027dd552786c9424e9ae2122029cf9c8a20dbb7058670b8055000747eb084f6738a67e70fc32748275bdc23ea009666f59a55b02dedd6cdea1","http://0.0.0.0:5000/policies"
"031114","Nov2014v1","kevinV1","57814ed7e1382363b46559fe","0.1.1","1468092119.94717","","","linux","firefox","38.0","","participant","http","e3c0921411ef75027dd552786c9424e9ae2122029cf9c8a20dbb7058670b8055000747eb084f6738a67e70fc32748275bdc23ea009666f59a55b02dedd6cdea1","http://0.0.0.0:5000/policy/MHPCC Policy"
"031114","Nov2014v1","kevinV1","57814ed8e1382363b46559ff","0.1.1","1468092120.71567","MHPCC Policy","draft","linux","firefox","38.0","","participant","http","e3c0921411ef75027dd552786c9424e9ae2122029cf9c8a20dbb7058670b8055000747eb084f6738a67e70fc32748275bdc23ea009666f59a55b02dedd6cdea1","http://0.0.0.0:5000/policy/MHPCC Policy/Page 1.1 title"
"031114","Nov2014v1","kevinV1","57814ef4e1382363b4655a00","0.1.1","1468092148.485055","MHPCC Policy","draft","linux","firefox","38.0","","participant","http","e3c0921411ef75027dd552786c9424e9ae2122029cf9c8a20dbb7058670b8055000747eb084f6738a67e70fc32748275bdc23ea009666f59a55b02dedd6cdea1","http://0.0.0.0:5000/policy/MHPCC Policy/Page 1.1 title"
"031114","Nov2014v1","kevinV1","57814f1bbcafb967afa7b902","0.1.1","1468092187.080667","MHPCC Policy","draft","linux","firefox","38.0","","participant","http","e3c0921411ef75027dd552786c9424e9ae2122029cf9c8a20dbb7058670b8055000747eb084f6738a67e70fc32748275bdc23ea009666f59a55b02dedd6cdea1","http://0.0.0.0:5000/policy/MHPCC Policy/Page 1.1 title"
"031114","Nov2014v1","kevinV1","57814f24bcafb967afa7b903","0.1.1","1468092196.022269","MHPCC Policy","draft","linux","firefox","38.0","","participant","response","e3c0921411ef75027dd552786c9424e9ae2122029cf9c8a20dbb7058670b8055000747eb084f6738a67e70fc32748275bdc23ea009666f59a55b02dedd6cdea1","http://0.0.0.0:5000/api/questionnaire","question:q.1.5>q.1.5.d","response:option2"
"031114","Nov2014v1","kevinV1","57814f24bcafb967afa7b904","0.1.1","1468092196.076377","MHPCC Policy","draft","linux","firefox","38.0","","participant","response","e3c0921411ef75027dd552786c9424e9ae2122029cf9c8a20dbb7058670b8055000747eb084f6738a67e70fc32748275bdc23ea009666f59a55b02dedd6cdea1","http://0.0.0.0:5000/api/questionnaire","question:q.1.5>q.1.5.d","response:option2"
"031114","Nov2014v1","kevinV1","57814f25bcafb967afa7b905","0.1.1","1468092197.989181","MHPCC Policy","draft","linux","firefox","38.0","","participant","response","e3c0921411ef75027dd552786c9424e9ae2122029cf9c8a20dbb7058670b8055000747eb084f6738a67e70fc32748275bdc23ea009666f59a55b02dedd6cdea1","http://0.0.0.0:5000/api/questionnaire","question:q.1.5>q.1.5.d","response:option 3"
"031114","Nov2014v1","kevinV1","57814f26bcafb967afa7b906","0.1.1","1468092198.051198","MHPCC Policy","draft","linux","firefox","38.0","","participant","response","e3c0921411ef75027dd552786c9424e9ae2122029cf9c8a20dbb7058670b8055000747eb084f6738a67e70fc32748275bdc23ea009666f59a55b02dedd6cdea1","http://0.0.0.0:5000/api/questionnaire","question:q.1.5>q.1.5.d","response:option 3"
"031114","Nov2014v1","kevinV1","57814f2abcafb967afa7b907","0.1.1","1468092202.341441","MHPCC Policy","draft","linux","firefox","38.0","","participant","response","e3c0921411ef75027dd552786c9424e9ae2122029cf9c8a20dbb7058670b8055000747eb084f6738a67e70fc32748275bdc23ea009666f59a55b02dedd6cdea1","http://0.0.0.0:5000/api/questionnaire","question:q.1.5clone1>q.1.5.dclone1","response:option2"
"031114","Nov2014v1","kevinV1","57814f2abcafb967afa7b908","0.1.1","1468092202.389254","MHPCC Policy","draft","linux","firefox","38.0","","participant","response","e3c0921411ef75027dd552786c9424e9ae2122029cf9c8a20dbb7058670b8055000747eb084f6738a67e70fc32748275bdc23ea009666f59a55b02dedd6cdea1","http://0.0.0.0:5000/api/questionnaire","question:q.1.5clone1>q.1.5.dclone1","response:option2"
"031114","Nov2014v1","kevinV1","57814f2ebcafb967afa7b909","0.1.1","1468092206.910133","MHPCC Policy","draft","linux","firefox","38.0","","participant","response","e3c0921411ef75027dd552786c9424e9ae2122029cf9c8a20dbb7058670b8055000747eb084f6738a67e70fc32748275bdc23ea009666f59a55b02dedd6cdea1","http://0.0.0.0:5000/api/questionnaire","question:q.1.6clone1","response:q.1.6.Aclone1"
"031114","Nov2014v1","kevinV1","57814f2fbcafb967afa7b90a","0.1.1","1468092207.542348","MHPCC Policy","draft","linux","firefox","38.0","","participant","http","e3c0921411ef75027dd552786c9424e9ae2122029cf9c8a20dbb7058670b8055000747eb084f6738a67e70fc32748275bdc23ea009666f59a55b02dedd6cdea1","http://0.0.0.0:5000/policy/MHPCC Policy/Page 1.1 title"
"031114","Nov2014v1","kevinV1","57815033bcafb96813ac5b43","0.1.1","1468092467.521333","MHPCC Policy","draft","linux","firefox","38.0","","participant","http","e3c0921411ef75027dd552786c9424e9ae2122029cf9c8a20dbb7058670b8055000747eb084f6738a67e70fc32748275bdc23ea009666f59a55b02dedd6cdea1","http://0.0.0.0:5000/policy/MHPCC Policy/Page 1.1 title"
"031114","Nov2014v1","kevinV1","57815039bcafb96813ac5b44","0.1.1","1468092473.590002","MHPCC Policy","draft","linux","firefox","38.0","","participant","response","e3c0921411ef75027dd552786c9424e9ae2122029cf9c8a20dbb7058670b8055000747eb084f6738a67e70fc32748275bdc23ea009666f59a55b02dedd6cdea1","http://0.0.0.0:5000/api/questionnaire","question:q.1.5clone1>q.1.5.dclone1","response:option2"
"031114","Nov2014v1","kevinV1","57815039bcafb96813ac5b45","0.1.1","1468092473.594335","MHPCC Policy","draft","linux","firefox","38.0","","participant","bnf","e3c0921411ef75027dd552786c9424e9ae2122029cf9c8a20dbb7058670b8055000747eb084f6738a67e70fc32748275bdc23ea009666f59a55b02dedd6cdea1","http://0.0.0.0:5000/api/questionnaire","new:BNF for option q.1.5; insert cloze: A(numeral): -3; B(text): sddfsdg; C(select_one):option 3; D(select_multi):option 1 E(memo):asdfasef","old:"
"031114","Nov2014v1","kevinV1","5781503bbcafb96813ac5b46","0.1.1","1468092475.02729","MHPCC Policy","draft","linux","firefox","38.0","","participant","response","e3c0921411ef75027dd552786c9424e9ae2122029cf9c8a20dbb7058670b8055000747eb084f6738a67e70fc32748275bdc23ea009666f59a55b02dedd6cdea1","http://0.0.0.0:5000/api/questionnaire","question:q.1.5clone1>q.1.5.dclone1","response:option2"
"031114","Nov2014v1","kevinV1","57815045bcafb96813ac5b47","0.1.1","1468092485.01325","MHPCC Policy","draft","linux","firefox","38.0","","participant","response","e3c0921411ef75027dd552786c9424e9ae2122029cf9c8a20dbb7058670b8055000747eb084f6738a67e70fc32748275bdc23ea009666f59a55b02dedd6cdea1","http://0.0.0.0:5000/api/questionnaire","question:q.1.6clone1","response:q.1.6.Aclone1"
"031114","Nov2014v1","kevinV1","57815045bcafb96813ac5b48","0.1.1","1468092485.485845","MHPCC Policy","draft","linux","firefox","38.0","","participant","http","e3c0921411ef75027dd552786c9424e9ae2122029cf9c8a20dbb7058670b8055000747eb084f6738a67e70fc32748275bdc23ea009666f59a55b02dedd6cdea1","http://0.0.0.0:5000/policy/MHPCC Policy/Page 1.1 title"
"031114","Nov2014v1","kevinV1","57815056bcafb96813ac5b49","0.1.1","1468092502.979567","MHPCC Policy","draft","linux","firefox","38.0","","participant","response","e3c0921411ef75027dd552786c9424e9ae2122029cf9c8a20dbb7058670b8055000747eb084f6738a67e70fc32748275bdc23ea009666f59a55b02dedd6cdea1","http://0.0.0.0:5000/api/questionnaire","question:q.1.5>q.1.5.d","response:option 3"
"031114","Nov2014v1","kevinV1","57815057bcafb96813ac5b4a","0.1.1","1468092503.648513","MHPCC Policy","draft","linux","firefox","38.0","","participant","response","e3c0921411ef75027dd552786c9424e9ae2122029cf9c8a20dbb7058670b8055000747eb084f6738a67e70fc32748275bdc23ea009666f59a55b02dedd6cdea1","http://0.0.0.0:5000/api/questionnaire","question:q.1.5>q.1.5.d","response:option 3"
"031114","Nov2014v1","kevinV1","5785740bbcafb96813ac5b4b","0.1.1","1468363787.475964","MHPCC Policy","draft","linux","firefox","38.0","","participant","http","e3c0921411ef75027dd552786c9424e9ae2122029cf9c8a20dbb7058670b8055000747eb084f6738a67e70fc32748275bdc23ea009666f59a55b02dedd6cdea1","http://0.0.0.0:5000/policy/MHPCC Policy/Page 1.1 title"
"031114","Nov2014v1","kevinV1","57857784bcafb96813ac5b4c","0.1.1","1468364676.886253","MHPCC Policy","draft","linux","firefox","38.0","","participant","response","e3c0921411ef75027dd552786c9424e9ae2122029cf9c8a20dbb7058670b8055000747eb084f6738a67e70fc32748275bdc23ea009666f59a55b02dedd6cdea1","http://0.0.0.0:5000/api/questionnaire","question:q.1.6clone1","response:q.1.6.Bclone1"
"031114","Nov2014v1","kevinV1","57857785bcafb96813ac5b4d","0.1.1","1468364677.199354","MHPCC Policy","draft","linux","firefox","38.0","","participant","http","e3c0921411ef75027dd552786c9424e9ae2122029cf9c8a20dbb7058670b8055000747eb084f6738a67e70fc32748275bdc23ea009666f59a55b02dedd6cdea1","http://0.0.0.0:5000/policy/MHPCC Policy/Page 1.1 title"
"031114","Nov2014v1","kevinV1","57857798bcafb96813ac5b4e","0.1.1","1468364696.546697","MHPCC Policy","draft","linux","firefox","38.0","","participant","http","e3c0921411ef75027dd552786c9424e9ae2122029cf9c8a20dbb7058670b8055000747eb084f6738a67e70fc32748275bdc23ea009666f59a55b02dedd6cdea1","http://0.0.0.0:5000/policy/MHPCC Policy/Page 1.1 title"
"031114","Nov2014v1","kevinV1","578578c1bcafb96813ac5b4f","0.1.1","1468364993.750991","MHPCC Policy","draft","linux","firefox","38.0","","participant","response","e3c0921411ef75027dd552786c9424e9ae2122029cf9c8a20dbb7058670b8055000747eb084f6738a67e70fc32748275bdc23ea009666f59a55b02dedd6cdea1","http://0.0.0.0:5000/api/questionnaire","question:q.1.5clone2>q.1.5.bclone2","response:question3"
"031114","Nov2014v1","kevinV1","578578c1bcafb96813ac5b50","0.1.1","1468364993.790665","MHPCC Policy","draft","linux","firefox","38.0","","participant","response","e3c0921411ef75027dd552786c9424e9ae2122029cf9c8a20dbb7058670b8055000747eb084f6738a67e70fc32748275bdc23ea009666f59a55b02dedd6cdea1","http://0.0.0.0:5000/api/questionnaire","question:q.1.5clone2>q.1.5.bclone2","response:question3"
"031114","Nov2014v1","kevinV1","57857900bcafb96813ac5b51","0.1.1","1468365056.802803","MHPCC Policy","draft","linux","firefox","38.0","","participant","response","e3c0921411ef75027dd552786c9424e9ae2122029cf9c8a20dbb7058670b8055000747eb084f6738a67e70fc32748275bdc23ea009666f59a55b02dedd6cdea1","http://0.0.0.0:5000/api/questionnaire","question:q.1.5clone1>q.1.5.bclone1","response:sddfsdg2"
"031114","Nov2014v1","kevinV1","57857900bcafb96813ac5b52","0.1.1","1468365056.806307","MHPCC Policy","draft","linux","firefox","38.0","","participant","bnf","e3c0921411ef75027dd552786c9424e9ae2122029cf9c8a20dbb7058670b8055000747eb084f6738a67e70fc32748275bdc23ea009666f59a55b02dedd6cdea1","http://0.0.0.0:5000/api/questionnaire","new:BNF for option q.1.5; insert cloze: A(numeral): -3; B(text): sddfsdg2; C(select_one):option 3; D(select_multi):option 1 E(memo):asdfasef","old:BNF for option q.1.5; insert cloze: A(numeral): -3; B(text): sddfsdg; C(select_one):option 3; D(select_multi):option 1 E(memo):asdfasef"
"031114","Nov2014v1","kevinV1","57857900bcafb96813ac5b53","0.1.1","1468365056.840724","MHPCC Policy","draft","linux","firefox","38.0","","participant","response","e3c0921411ef75027dd552786c9424e9ae2122029cf9c8a20dbb7058670b8055000747eb084f6738a67e70fc32748275bdc23ea009666f59a55b02dedd6cdea1","http://0.0.0.0:5000/api/questionnaire","question:q.1.5clone1>q.1.5.bclone1","response:sddfsdg2"
"031114","Nov2014v1","kevinV1","57857b9fbcafb96813ac5b54","0.1.1","1468365727.320504","MHPCC Policy","draft","linux","firefox","38.0","","participant","response","e3c0921411ef75027dd552786c9424e9ae2122029cf9c8a20dbb7058670b8055000747eb084f6738a67e70fc32748275bdc23ea009666f59a55b02dedd6cdea1","http://0.0.0.0:5000/api/questionnaire","question:q.1.5clone1>q.1.5.bclone1","response:sddfsdg2132"
"031114","Nov2014v1","kevinV1","57857b9fbcafb96813ac5b55","0.1.1","1468365727.325387","MHPCC Policy","draft","linux","firefox","38.0","","participant","bnf","e3c0921411ef75027dd552786c9424e9ae2122029cf9c8a20dbb7058670b8055000747eb084f6738a67e70fc32748275bdc23ea009666f59a55b02dedd6cdea1","http://0.0.0.0:5000/api/questionnaire","new:BNF for option q.1.5; insert cloze: A(numeral): -3; B(text): sddfsdg2132; C(select_one):option 3; D(select_multi):option 1 E(memo):asdfasef","old:BNF for option q.1.5; insert cloze: A(numeral): -3; B(text): sddfsdg2; C(select_one):option 3; D(select_multi):option 1 E(memo):asdfasef"
"031114","Nov2014v1","kevinV1","57857b9fbcafb96813ac5b56","0.1.1","1468365727.412814","MHPCC Policy","draft","linux","firefox","38.0","","participant","response","e3c0921411ef75027dd552786c9424e9ae2122029cf9c8a20dbb7058670b8055000747eb084f6738a67e70fc32748275bdc23ea009666f59a55b02dedd6cdea1","http://0.0.0.0:5000/api/questionnaire","question:q.1.5clone1>q.1.5.bclone1","response:sddfsdg2132"
"031114","Nov2014v1","kevinV1","57857ba3bcafb96813ac5b57","0.1.1","1468365731.331819","MHPCC Policy","draft","linux","firefox","38.0","","participant","response","e3c0921411ef75027dd552786c9424e9ae2122029cf9c8a20dbb7058670b8055000747eb084f6738a67e70fc32748275bdc23ea009666f59a55b02dedd6cdea1","http://0.0.0.0:5000/api/questionnaire","question:q.1.5clone2>q.1.5.bclone2","response:question34343"
"031114","Nov2014v1","kevinV1","57857ba3bcafb96813ac5b58","0.1.1","1468365731.413814","MHPCC Policy","draft","linux","firefox","38.0","","participant","response","e3c0921411ef75027dd552786c9424e9ae2122029cf9c8a20dbb7058670b8055000747eb084f6738a67e70fc32748275bdc23ea009666f59a55b02dedd6cdea1","http://0.0.0.0:5000/api/questionnaire","question:q.1.5clone2>q.1.5.bclone2","response:question34343"
"031114","Nov2014v1","kevinV1","57857ba5bcafb96813ac5b59","0.1.1","1468365733.764228","MHPCC Policy","draft","linux","firefox","38.0","","participant","response","e3c0921411ef75027dd552786c9424e9ae2122029cf9c8a20dbb7058670b8055000747eb084f6738a67e70fc32748275bdc23ea009666f59a55b02dedd6cdea1","http://0.0.0.0:5000/api/questionnaire","question:q.1.5>q.1.5.b","response:derps123"
"031114","Nov2014v1","kevinV1","57857ba5bcafb96813ac5b5a","0.1.1","1468365733.840394","MHPCC Policy","draft","linux","firefox","38.0","","participant","response","e3c0921411ef75027dd552786c9424e9ae2122029cf9c8a20dbb7058670b8055000747eb084f6738a67e70fc32748275bdc23ea009666f59a55b02dedd6cdea1","http://0.0.0.0:5000/api/questionnaire","question:q.1.5>q.1.5.b","response:derps123"
"031114","Nov2014v1","kevinV1","57857ee8bcafb96813ac5b5b","0.1.1","1468366568.283776","MHPCC Policy","draft","linux","firefox","38.0","","participant","response","e3c0921411ef75027dd552786c9424e9ae2122029cf9c8a20dbb7058670b8055000747eb084f6738a67e70fc32748275bdc23ea009666f59a55b02dedd6cdea1","http://0.0.0.0:5000/api/questionnaire","question:q.1.5>q.1.5.b","response:derps1231"
"031114","Nov2014v1","kevinV1","57857ee8bcafb96813ac5b5c","0.1.1","1468366568.338042","MHPCC Policy","draft","linux","firefox","38.0","","participant","response","e3c0921411ef75027dd552786c9424e9ae2122029cf9c8a20dbb7058670b8055000747eb084f6738a67e70fc32748275bdc23ea009666f59a55b02dedd6cdea1","http://0.0.0.0:5000/api/questionnaire","question:q.1.5>q.1.5.b","response:derps1231"
"031114","Nov2014v1","kevinV1","5786bd5a0fada627ab358922","0.1.1","1468448090.231082","MHPCC Policy","draft","linux","firefox","38.0","","participant","http","e3c0921411ef75027dd552786c9424e9ae2122029cf9c8a20dbb7058670b8055000747eb084f6738a67e70fc32748275bdc23ea009666f59a55b02dedd6cdea1","http://0.0.0.0:5000/policy/MHPCC Policy/Page 1.1 title"
"031114","Nov2014v1","kevinV1","5786bd670fada627ab358923","0.1.1","1468448103.052077","MHPCC Policy","draft","linux","firefox","38.0","","participant","response","e3c0921411ef75027dd552786c9424e9ae2122029cf9c8a20dbb7058670b8055000747eb084f6738a67e70fc32748275bdc23ea009666f59a55b02dedd6cdea1","http://0.0.0.0:5000/api/questionnaire","question:q.1.6","response:q.1.6.A"
"031114","Nov2014v1","kevinV1","5786bd670fada627ab358924","0.1.1","1468448103.058908","MHPCC Policy","draft","linux","firefox","38.0","","participant","bnf","e3c0921411ef75027dd552786c9424e9ae2122029cf9c8a20dbb7058670b8055000747eb084f6738a67e70fc32748275bdc23ea009666f59a55b02dedd6cdea1","http://0.0.0.0:5000/api/questionnaire","new:","old:BNF for option q.1.5; insert cloze: A(numeral): -3; B(text): sddfsdg2132; C(select_one):option 3; D(select_multi):option 1 E(memo):asdfasef"
"031114","Nov2014v1","kevinV1","5786bd670fada627ab358925","0.1.1","1468448103.327899","MHPCC Policy","draft","linux","firefox","38.0","","participant","http","e3c0921411ef75027dd552786c9424e9ae2122029cf9c8a20dbb7058670b8055000747eb084f6738a67e70fc32748275bdc23ea009666f59a55b02dedd6cdea1","http://0.0.0.0:5000/policy/MHPCC Policy/Page 1.1 title"
"031114","Nov2014v1","kevinV1","5786bd6a0fada627ab358926","0.1.1","1468448106.79277","MHPCC Policy","draft","linux","firefox","38.0","","participant","response","e3c0921411ef75027dd552786c9424e9ae2122029cf9c8a20dbb7058670b8055000747eb084f6738a67e70fc32748275bdc23ea009666f59a55b02dedd6cdea1","http://0.0.0.0:5000/api/questionnaire","question:q.1.6","response:q.1.6.B"
"031114","Nov2014v1","kevinV1","5786bd6b0fada627ab358927","0.1.1","1468448107.186629","MHPCC Policy","draft","linux","firefox","38.0","","participant","http","e3c0921411ef75027dd552786c9424e9ae2122029cf9c8a20dbb7058670b8055000747eb084f6738a67e70fc32748275bdc23ea009666f59a55b02dedd6cdea1","http://0.0.0.0:5000/policy/MHPCC Policy/Page 1.1 title"
"031114","Nov2014v1","kevinV1","5786bd710fada627ab358928","0.1.1","1468448113.037329","MHPCC Policy","draft","linux","firefox","38.0","","participant","response","e3c0921411ef75027dd552786c9424e9ae2122029cf9c8a20dbb7058670b8055000747eb084f6738a67e70fc32748275bdc23ea009666f59a55b02dedd6cdea1","http://0.0.0.0:5000/api/questionnaire","question:q.1.5clone1>q.1.5.dclone1","response:option 1"
"031114","Nov2014v1","kevinV1","5786bd710fada627ab358929","0.1.1","1468448113.088522","MHPCC Policy","draft","linux","firefox","38.0","","participant","response","e3c0921411ef75027dd552786c9424e9ae2122029cf9c8a20dbb7058670b8055000747eb084f6738a67e70fc32748275bdc23ea009666f59a55b02dedd6cdea1","http://0.0.0.0:5000/api/questionnaire","question:q.1.5clone1>q.1.5.dclone1","response:option 1"
"031114","Nov2014v1","kevinV1","5786be3f0fada627ab35892a","0.1.1","1468448319.85002","MHPCC Policy","draft","linux","firefox","38.0","","participant","response","e3c0921411ef75027dd552786c9424e9ae2122029cf9c8a20dbb7058670b8055000747eb084f6738a67e70fc32748275bdc23ea009666f59a55b02dedd6cdea1","http://0.0.0.0:5000/api/questionnaire","question:q.1.6","response:q.1.6.A"
"031114","Nov2014v1","kevinV1","5786be400fada627ab35892b","0.1.1","1468448320.118993","MHPCC Policy","draft","linux","firefox","38.0","","participant","http","e3c0921411ef75027dd552786c9424e9ae2122029cf9c8a20dbb7058670b8055000747eb084f6738a67e70fc32748275bdc23ea009666f59a55b02dedd6cdea1","http://0.0.0.0:5000/policy/MHPCC Policy/Page 1.1 title"
"031114","Nov2014v1","kevinV1","5786be4e0fada627ab35892c","0.1.1","1468448334.960865","MHPCC Policy","draft","linux","firefox","38.0","","participant","response","e3c0921411ef75027dd552786c9424e9ae2122029cf9c8a20dbb7058670b8055000747eb084f6738a67e70fc32748275bdc23ea009666f59a55b02dedd6cdea1","http://0.0.0.0:5000/api/questionnaire","question:q.1.5>q.1.5.b","response:question 1 answer"
"031114","Nov2014v1","kevinV1","5786be4f0fada627ab35892d","0.1.1","1468448335.016334","MHPCC Policy","draft","linux","firefox","38.0","","participant","response","e3c0921411ef75027dd552786c9424e9ae2122029cf9c8a20dbb7058670b8055000747eb084f6738a67e70fc32748275bdc23ea009666f59a55b02dedd6cdea1","http://0.0.0.0:5000/api/questionnaire","question:q.1.5>q.1.5.b","response:question 1 answer"
"031114","Nov2014v1","kevinV1","5786be550fada627ab35892e","0.1.1","1468448341.71788","MHPCC Policy","draft","linux","firefox","38.0","","participant","response","e3c0921411ef75027dd552786c9424e9ae2122029cf9c8a20dbb7058670b8055000747eb084f6738a67e70fc32748275bdc23ea009666f59a55b02dedd6cdea1","http://0.0.0.0:5000/api/questionnaire","question:q.1.5>q.1.5.e","response:question 1 memo"
"031114","Nov2014v1","kevinV1","5786be550fada627ab35892f","0.1.1","1468448341.764019","MHPCC Policy","draft","linux","firefox","38.0","","participant","response","e3c0921411ef75027dd552786c9424e9ae2122029cf9c8a20dbb7058670b8055000747eb084f6738a67e70fc32748275bdc23ea009666f59a55b02dedd6cdea1","http://0.0.0.0:5000/api/questionnaire","question:q.1.5>q.1.5.e","response:question 1 memo"
"031114","Nov2014v1","kevinV1","5786be550fada627ab358930","0.1.1","1468448341.81818","MHPCC Policy","draft","linux","firefox","38.0","","participant","response","e3c0921411ef75027dd552786c9424e9ae2122029cf9c8a20dbb7058670b8055000747eb084f6738a67e70fc32748275bdc23ea009666f59a55b02dedd6cdea1","http://0.0.0.0:5000/api/questionnaire","question:q.1.6","response:q.1.6.B"
"031114","Nov2014v1","kevinV1","5786be560fada627ab358931","0.1.1","1468448342.319559","MHPCC Policy","draft","linux","firefox","38.0","","participant","http","e3c0921411ef75027dd552786c9424e9ae2122029cf9c8a20dbb7058670b8055000747eb084f6738a67e70fc32748275bdc23ea009666f59a55b02dedd6cdea1","http://0.0.0.0:5000/policy/MHPCC Policy/Page 1.1 title"
"031114","Nov2014v1","kevinV1","5786be5d0fada627ab358932","0.1.1","1468448349.636832","MHPCC Policy","draft","linux","firefox","38.0","","participant","response","e3c0921411ef75027dd552786c9424e9ae2122029cf9c8a20dbb7058670b8055000747eb084f6738a67e70fc32748275bdc23ea009666f59a55b02dedd6cdea1","http://0.0.0.0:5000/api/questionnaire","question:q.1.5clone1>q.1.5.bclone1","response:question 2 answer"
"031114","Nov2014v1","kevinV1","5786be5d0fada627ab358933","0.1.1","1468448349.691443","MHPCC Policy","draft","linux","firefox","38.0","","participant","response","e3c0921411ef75027dd552786c9424e9ae2122029cf9c8a20dbb7058670b8055000747eb084f6738a67e70fc32748275bdc23ea009666f59a55b02dedd6cdea1","http://0.0.0.0:5000/api/questionnaire","question:q.1.5clone1>q.1.5.bclone1","response:question 2 answer"
"031114","Nov2014v1","kevinV1","5786be640fada627ab358934","0.1.1","1468448356.468807","MHPCC Policy","draft","linux","firefox","38.0","","participant","response","e3c0921411ef75027dd552786c9424e9ae2122029cf9c8a20dbb7058670b8055000747eb084f6738a67e70fc32748275bdc23ea009666f59a55b02dedd6cdea1","http://0.0.0.0:5000/api/questionnaire","question:q.1.5clone1>q.1.5.eclone1","response:question 2 memo"
"031114","Nov2014v1","kevinV1","5786be640fada627ab358935","0.1.1","1468448356.522401","MHPCC Policy","draft","linux","firefox","38.0","","participant","response","e3c0921411ef75027dd552786c9424e9ae2122029cf9c8a20dbb7058670b8055000747eb084f6738a67e70fc32748275bdc23ea009666f59a55b02dedd6cdea1","http://0.0.0.0:5000/api/questionnaire","question:q.1.5clone1>q.1.5.eclone1","response:question 2 memo"
"031114","Nov2014v1","kevinV1","5786be660fada627ab358936","0.1.1","1468448358.927865","MHPCC Policy","draft","linux","firefox","38.0","","participant","response","e3c0921411ef75027dd552786c9424e9ae2122029cf9c8a20dbb7058670b8055000747eb084f6738a67e70fc32748275bdc23ea009666f59a55b02dedd6cdea1","http://0.0.0.0:5000/api/questionnaire","question:q.1.6clone1","response:q.1.6.Bclone1"
"031114","Nov2014v1","kevinV1","5786be670fada627ab358937","0.1.1","1468448359.525","MHPCC Policy","draft","linux","firefox","38.0","","participant","http","e3c0921411ef75027dd552786c9424e9ae2122029cf9c8a20dbb7058670b8055000747eb084f6738a67e70fc32748275bdc23ea009666f59a55b02dedd6cdea1","http://0.0.0.0:5000/policy/MHPCC Policy/Page 1.1 title"
"031114","Nov2014v1","kevinV1","5786be7b0fada627ab358938","0.1.1","1468448379.540926","MHPCC Policy","draft","linux","firefox","38.0","","participant","response","e3c0921411ef75027dd552786c9424e9ae2122029cf9c8a20dbb7058670b8055000747eb084f6738a67e70fc32748275bdc23ea009666f59a55b02dedd6cdea1","http://0.0.0.0:5000/api/questionnaire","question:q.1.5clone2>q.1.5.bclone2","response:question 3 answer"
"031114","Nov2014v1","kevinV1","5786be7b0fada627ab358939","0.1.1","1468448379.578537","MHPCC Policy","draft","linux","firefox","38.0","","participant","response","e3c0921411ef75027dd552786c9424e9ae2122029cf9c8a20dbb7058670b8055000747eb084f6738a67e70fc32748275bdc23ea009666f59a55b02dedd6cdea1","http://0.0.0.0:5000/api/questionnaire","question:q.1.5clone2>q.1.5.bclone2","response:question 3 answer"
"031114","Nov2014v1","kevinV1","5786be910fada627ab35893a","0.1.1","1468448401.259991","MHPCC Policy","draft","linux","firefox","38.0","","participant","response","e3c0921411ef75027dd552786c9424e9ae2122029cf9c8a20dbb7058670b8055000747eb084f6738a67e70fc32748275bdc23ea009666f59a55b02dedd6cdea1","http://0.0.0.0:5000/api/questionnaire","question:q.1.5clone2>q.1.5.dclone2","response:option2"
"031114","Nov2014v1","kevinV1","5786be910fada627ab35893b","0.1.1","1468448401.313768","MHPCC Policy","draft","linux","firefox","38.0","","participant","response","e3c0921411ef75027dd552786c9424e9ae2122029cf9c8a20dbb7058670b8055000747eb084f6738a67e70fc32748275bdc23ea009666f59a55b02dedd6cdea1","http://0.0.0.0:5000/api/questionnaire","question:q.1.5clone2>q.1.5.dclone2","response:option2"
"031114","Nov2014v1","kevinV1","5786be930fada627ab35893c","0.1.1","1468448403.107692","MHPCC Policy","draft","linux","firefox","38.0","","participant","response","e3c0921411ef75027dd552786c9424e9ae2122029cf9c8a20dbb7058670b8055000747eb084f6738a67e70fc32748275bdc23ea009666f59a55b02dedd6cdea1","http://0.0.0.0:5000/api/questionnaire","question:q.1.5clone2>q.1.5.dclone2","response:option 3"
"031114","Nov2014v1","kevinV1","5786be930fada627ab35893d","0.1.1","1468448403.141825","MHPCC Policy","draft","linux","firefox","38.0","","participant","response","e3c0921411ef75027dd552786c9424e9ae2122029cf9c8a20dbb7058670b8055000747eb084f6738a67e70fc32748275bdc23ea009666f59a55b02dedd6cdea1","http://0.0.0.0:5000/api/questionnaire","question:q.1.5clone2>q.1.5.dclone2","response:option 3"
"031114","Nov2014v1","kevinV1","5786be930fada627ab35893e","0.1.1","1468448403.56716","MHPCC Policy","draft","linux","firefox","38.0","","participant","response","e3c0921411ef75027dd552786c9424e9ae2122029cf9c8a20dbb7058670b8055000747eb084f6738a67e70fc32748275bdc23ea009666f59a55b02dedd6cdea1","http://0.0.0.0:5000/api/questionnaire","question:q.1.5clone2>q.1.5.dclone2","response:option2"
"031114","Nov2014v1","kevinV1","5786be930fada627ab35893f","0.1.1","1468448403.623766","MHPCC Policy","draft","linux","firefox","38.0","","participant","response","e3c0921411ef75027dd552786c9424e9ae2122029cf9c8a20dbb7058670b8055000747eb084f6738a67e70fc32748275bdc23ea009666f59a55b02dedd6cdea1","http://0.0.0.0:5000/api/questionnaire","question:q.1.5clone2>q.1.5.dclone2","response:option2"
"031114","Nov2014v1","kevinV1","5786be940fada627ab358940","0.1.1","1468448404.648489","MHPCC Policy","draft","linux","firefox","38.0","","participant","response","e3c0921411ef75027dd552786c9424e9ae2122029cf9c8a20dbb7058670b8055000747eb084f6738a67e70fc32748275bdc23ea009666f59a55b02dedd6cdea1","http://0.0.0.0:5000/api/questionnaire","question:q.1.5clone1>q.1.5.dclone1","response:option2"
"031114","Nov2014v1","kevinV1","5786be940fada627ab358941","0.1.1","1468448404.683088","MHPCC Policy","draft","linux","firefox","38.0","","participant","response","e3c0921411ef75027dd552786c9424e9ae2122029cf9c8a20dbb7058670b8055000747eb084f6738a67e70fc32748275bdc23ea009666f59a55b02dedd6cdea1","http://0.0.0.0:5000/api/questionnaire","question:q.1.5clone1>q.1.5.dclone1","response:option2"
"031114","Nov2014v1","kevinV1","5786be950fada627ab358942","0.1.1","1468448405.31017","MHPCC Policy","draft","linux","firefox","38.0","","participant","response","e3c0921411ef75027dd552786c9424e9ae2122029cf9c8a20dbb7058670b8055000747eb084f6738a67e70fc32748275bdc23ea009666f59a55b02dedd6cdea1","http://0.0.0.0:5000/api/questionnaire","question:q.1.5clone1>q.1.5.dclone1","response:option 1"
"031114","Nov2014v1","kevinV1","5786be950fada627ab358943","0.1.1","1468448405.341444","MHPCC Policy","draft","linux","firefox","38.0","","participant","response","e3c0921411ef75027dd552786c9424e9ae2122029cf9c8a20dbb7058670b8055000747eb084f6738a67e70fc32748275bdc23ea009666f59a55b02dedd6cdea1","http://0.0.0.0:5000/api/questionnaire","question:q.1.5clone1>q.1.5.dclone1","response:option 1"
"031114","Nov2014v1","kevinV1","5786be9f0fada627ab358944","0.1.1","1468448415.829114","MHPCC Policy","draft","linux","firefox","38.0","","participant","response","e3c0921411ef75027dd552786c9424e9ae2122029cf9c8a20dbb7058670b8055000747eb084f6738a67e70fc32748275bdc23ea009666f59a55b02dedd6cdea1","http://0.0.0.0:5000/api/questionnaire","question:q.1.5clone2>q.1.5.eclone2","response:question 3 memo"
"031114","Nov2014v1","kevinV1","5786be9f0fada627ab358945","0.1.1","1468448415.870328","MHPCC Policy","draft","linux","firefox","38.0","","participant","response","e3c0921411ef75027dd552786c9424e9ae2122029cf9c8a20dbb7058670b8055000747eb084f6738a67e70fc32748275bdc23ea009666f59a55b02dedd6cdea1","http://0.0.0.0:5000/api/questionnaire","question:q.1.5clone2>q.1.5.eclone2","response:question 3 memo"
"031114","Nov2014v1","kevinV1","5786be9f0fada627ab358946","0.1.1","1468448415.967915","MHPCC Policy","draft","linux","firefox","38.0","","participant","response","e3c0921411ef75027dd552786c9424e9ae2122029cf9c8a20dbb7058670b8055000747eb084f6738a67e70fc32748275bdc23ea009666f59a55b02dedd6cdea1","http://0.0.0.0:5000/api/questionnaire","question:q.1.6clone2","response:q.1.6.Aclone2"
"031114","Nov2014v1","kevinV1","5786bea00fada627ab358947","0.1.1","1468448416.624202","MHPCC Policy","draft","linux","firefox","38.0","","participant","http","e3c0921411ef75027dd552786c9424e9ae2122029cf9c8a20dbb7058670b8055000747eb084f6738a67e70fc32748275bdc23ea009666f59a55b02dedd6cdea1","http://0.0.0.0:5000/policy/MHPCC Policy/Page 1.1 title"
